location_id,location_name,parameter,value,unit,datetimeUtc,datetimeLocal,timezone,latitude,longitude,country_iso,isMobile,isMonitor,owner_name,provider
3194367,"Dept. of Public Health and Informatics, Jahangirnagar University","pm1",25.382208665211994,"µg/m³","2025-08-25T01:00:00Z","2025-08-25T07:00:00+06:00","Asia/Dhaka",23.888280501941725,90.26536993068466,,,,"Unknown Person","AirGradient"
3194367,"Dept. of Public Health and Informatics, Jahangirnagar University","pm1",17.31820845603943,"µg/m³","2025-08-25T02:00:00Z","2025-08-25T08:00:00+06:00","Asia/Dhaka",23.888280501941725,90.26536993068466,,,,"Unknown Person","AirGradient"
3194367,"Dept. of Public Health and Informatics, Jahangirnagar University","pm1",17.573167006174724,"µg/m³","2025-08-25T03:00:00Z","2025-08-25T09:00:00+06:00","Asia/Dhaka",23.888280501941725,90.26536993068466,,,,"Unknown Person","AirGradient"
3194367,"Dept. of Public Health and Informatics, Jahangirnagar University","pm1",20.786083380381267,"µg/m³","2025-08-25T04:00:00Z","2025-08-25T10:00:00+06:00","Asia/Dhaka",23.888280501941725,90.26536993068466,,,,"Unknown Person","AirGradient"
3194367,"Dept. of Public Health and Informatics, Jahangirnagar University","pm1",28.544833342234295,"µg/m³","2025-08-25T05:00:00Z","2025-08-25T11:00:00+06:00","Asia/Dhaka",23.888280501941725,90.26536993068466,,,,"Unknown Person","AirGradient"
3194367,"Dept. of Public Health and Informatics, Jahangirnagar University","pm1",31.17033354441325,"µg/m³","2025-08-25T06:00:00Z","2025-08-25T12:00:00+06:00","Asia/Dhaka",23.888280501941725,90.26536993068466,,,,"Unknown Person","AirGradient"
3194367,"Dept. of Public Health and Informatics, Jahangirnagar University","pm1",24.755833466847736,"µg/m³","2025-08-25T07:00:00Z","2025-08-25T13:00:00+06:00","Asia/Dhaka",23.888280501941725,90.26536993068466,,,,"Unknown Person","AirGradient"
3194367,"Dept. of Public Health and Informatics, Jahangirnagar University","pm1",21.41237513224284,"µg/m³","2025-08-25T08:00:00Z","2025-08-25T14:00:00+06:00","Asia/Dhaka",23.888280501941725,90.26536993068466,,,,"Unknown Person","AirGradient"
3194367,"Dept. of Public Health and Informatics, Jahangirnagar University","pm1",20.59725022315979,"µg/m³","2025-08-25T09:00:00Z","2025-08-25T15:00:00+06:00","Asia/Dhaka",23.888280501941725,90.26536993068466,,,,"Unknown Person","AirGradient"
3194367,"Dept. of Public Health and Informatics, Jahangirnagar University","pm1",25.035900115966797,"µg/m³","2025-08-25T11:00:00Z","2025-08-25T17:00:00+06:00","Asia/Dhaka",23.888280501941725,90.26536993068466,,,,"Unknown Person","AirGradient"
3194367,"Dept. of Public Health and Informatics, Jahangirnagar University","pm1",26.30725034077962,"µg/m³","2025-08-25T12:00:00Z","2025-08-25T18:00:00+06:00","Asia/Dhaka",23.888280501941725,90.26536993068466,,,,"Unknown Person","AirGradient"
3194367,"Dept. of Public Health and Informatics, Jahangirnagar University","pm1",23.89729181925456,"µg/m³","2025-08-25T13:00:00Z","2025-08-25T19:00:00+06:00","Asia/Dhaka",23.888280501941725,90.26536993068466,,,,"Unknown Person","AirGradient"
3194367,"Dept. of Public Health and Informatics, Jahangirnagar University","pm1",26.95366684595744,"µg/m³","2025-08-25T14:00:00Z","2025-08-25T20:00:00+06:00","Asia/Dhaka",23.888280501941725,90.26536993068466,,,,"Unknown Person","AirGradient"
3194367,"Dept. of Public Health and Informatics, Jahangirnagar University","pm1",27.761666615804035,"µg/m³","2025-08-25T15:00:00Z","2025-08-25T21:00:00+06:00","Asia/Dhaka",23.888280501941725,90.26536993068466,,,,"Unknown Person","AirGradient"
3194367,"Dept. of Public Health and Informatics, Jahangirnagar University","pm1",21.796000162760418,"µg/m³","2025-08-25T16:00:00Z","2025-08-25T22:00:00+06:00","Asia/Dhaka",23.888280501941725,90.26536993068466,,,,"Unknown Person","AirGradient"
3194367,"Dept. of Public Health and Informatics, Jahangirnagar University","pm1",20.65845839182536,"µg/m³","2025-08-25T17:00:00Z","2025-08-25T23:00:00+06:00","Asia/Dhaka",23.888280501941725,90.26536993068466,,,,"Unknown Person","AirGradient"
3194367,"Dept. of Public Health and Informatics, Jahangirnagar University","pm1",19.844208240509033,"µg/m³","2025-08-25T18:00:00Z","2025-08-26T00:00:00+06:00","Asia/Dhaka",23.888280501941725,90.26536993068466,,,,"Unknown Person","AirGradient"
3194367,"Dept. of Public Health and Informatics, Jahangirnagar University","pm1",22.881958325703938,"µg/m³","2025-08-25T19:00:00Z","2025-08-26T01:00:00+06:00","Asia/Dhaka",23.888280501941725,90.26536993068466,,,,"Unknown Person","AirGradient"
3194367,"Dept. of Public Health and Informatics, Jahangirnagar University","pm1",27.402249972025555,"µg/m³","2025-08-25T20:00:00Z","2025-08-26T02:00:00+06:00","Asia/Dhaka",23.888280501941725,90.26536993068466,,,,"Unknown Person","AirGradient"
3194367,"Dept. of Public Health and Informatics, Jahangirnagar University","pm1",29.010208288828533,"µg/m³","2025-08-25T21:00:00Z","2025-08-26T03:00:00+06:00","Asia/Dhaka",23.888280501941725,90.26536993068466,,,,"Unknown Person","AirGradient"
3194367,"Dept. of Public Health and Informatics, Jahangirnagar University","pm1",32.902124881744385,"µg/m³","2025-08-25T22:00:00Z","2025-08-26T04:00:00+06:00","Asia/Dhaka",23.888280501941725,90.26536993068466,,,,"Unknown Person","AirGradient"
3194367,"Dept. of Public Health and Informatics, Jahangirnagar University","pm1",31.483874956766766,"µg/m³","2025-08-25T23:00:00Z","2025-08-26T05:00:00+06:00","Asia/Dhaka",23.888280501941725,90.26536993068466,,,,"Unknown Person","AirGradient"
3194367,"Dept. of Public Health and Informatics, Jahangirnagar University","pm1",32.532166163126625,"µg/m³","2025-08-26T00:00:00Z","2025-08-26T06:00:00+06:00","Asia/Dhaka",23.888280501941725,90.26536993068466,,,,"Unknown Person","AirGradient"
3194367,"Dept. of Public Health and Informatics, Jahangirnagar University","pm25",38.26879119873047,"µg/m³","2025-08-25T01:00:00Z","2025-08-25T07:00:00+06:00","Asia/Dhaka",23.888280501941725,90.26536993068466,,,,"Unknown Person","AirGradient"
3194367,"Dept. of Public Health and Informatics, Jahangirnagar University","pm25",24.063999970753986,"µg/m³","2025-08-25T02:00:00Z","2025-08-25T08:00:00+06:00","Asia/Dhaka",23.888280501941725,90.26536993068466,,,,"Unknown Person","AirGradient"
3194367,"Dept. of Public Health and Informatics, Jahangirnagar University","pm25",23.73633337020874,"µg/m³","2025-08-25T03:00:00Z","2025-08-25T09:00:00+06:00","Asia/Dhaka",23.888280501941725,90.26536993068466,,,,"Unknown Person","AirGradient"
3194367,"Dept. of Public Health and Informatics, Jahangirnagar University","pm25",29.55970843633016,"µg/m³","2025-08-25T04:00:00Z","2025-08-25T10:00:00+06:00","Asia/Dhaka",23.888280501941725,90.26536993068466,,,,"Unknown Person","AirGradient"
3194367,"Dept. of Public Health and Informatics, Jahangirnagar University","pm25",43.693833351135254,"µg/m³","2025-08-25T05:00:00Z","2025-08-25T11:00:00+06:00","Asia/Dhaka",23.888280501941725,90.26536993068466,,,,"Unknown Person","AirGradient"
3194367,"Dept. of Public Health and Informatics, Jahangirnagar University","pm25",47.990166664123535,"µg/m³","2025-08-25T06:00:00Z","2025-08-25T12:00:00+06:00","Asia/Dhaka",23.888280501941725,90.26536993068466,,,,"Unknown Person","AirGradient"
3194367,"Dept. of Public Health and Informatics, Jahangirnagar University","pm25",36.58558336893717,"µg/m³","2025-08-25T07:00:00Z","2025-08-25T13:00:00+06:00","Asia/Dhaka",23.888280501941725,90.26536993068466,,,,"Unknown Person","AirGradient"
3194367,"Dept. of Public Health and Informatics, Jahangirnagar University","pm25",31.166833718617756,"µg/m³","2025-08-25T08:00:00Z","2025-08-25T14:00:00+06:00","Asia/Dhaka",23.888280501941725,90.26536993068466,,,,"Unknown Person","AirGradient"
3194367,"Dept. of Public Health and Informatics, Jahangirnagar University","pm25",29.28906226158142,"µg/m³","2025-08-25T09:00:00Z","2025-08-25T15:00:00+06:00","Asia/Dhaka",23.888280501941725,90.26536993068466,,,,"Unknown Person","AirGradient"
3194367,"Dept. of Public Health and Informatics, Jahangirnagar University","pm25",37.55550003051758,"µg/m³","2025-08-25T11:00:00Z","2025-08-25T17:00:00+06:00","Asia/Dhaka",23.888280501941725,90.26536993068466,,,,"Unknown Person","AirGradient"
3194367,"Dept. of Public Health and Informatics, Jahangirnagar University","pm25",38.45983282725016,"µg/m³","2025-08-25T12:00:00Z","2025-08-25T18:00:00+06:00","Asia/Dhaka",23.888280501941725,90.26536993068466,,,,"Unknown Person","AirGradient"
3194367,"Dept. of Public Health and Informatics, Jahangirnagar University","pm25",33.91724967956543,"µg/m³","2025-08-25T13:00:00Z","2025-08-25T19:00:00+06:00","Asia/Dhaka",23.888280501941725,90.26536993068466,,,,"Unknown Person","AirGradient"
3194367,"Dept. of Public Health and Informatics, Jahangirnagar University","pm25",38.50704129536947,"µg/m³","2025-08-25T14:00:00Z","2025-08-25T20:00:00+06:00","Asia/Dhaka",23.888280501941725,90.26536993068466,,,,"Unknown Person","AirGradient"
3194367,"Dept. of Public Health and Informatics, Jahangirnagar University","pm25",39.91816679636637,"µg/m³","2025-08-25T15:00:00Z","2025-08-25T21:00:00+06:00","Asia/Dhaka",23.888280501941725,90.26536993068466,,,,"Unknown Person","AirGradient"
3194367,"Dept. of Public Health and Informatics, Jahangirnagar University","pm25",30.789124965667725,"µg/m³","2025-08-25T16:00:00Z","2025-08-25T22:00:00+06:00","Asia/Dhaka",23.888280501941725,90.26536993068466,,,,"Unknown Person","AirGradient"
3194367,"Dept. of Public Health and Informatics, Jahangirnagar University","pm25",29.399583339691162,"µg/m³","2025-08-25T17:00:00Z","2025-08-25T23:00:00+06:00","Asia/Dhaka",23.888280501941725,90.26536993068466,,,,"Unknown Person","AirGradient"
3194367,"Dept. of Public Health and Informatics, Jahangirnagar University","pm25",27.838624954223633,"µg/m³","2025-08-25T18:00:00Z","2025-08-26T00:00:00+06:00","Asia/Dhaka",23.888280501941725,90.26536993068466,,,,"Unknown Person","AirGradient"
3194367,"Dept. of Public Health and Informatics, Jahangirnagar University","pm25",33.98645814259847,"µg/m³","2025-08-25T19:00:00Z","2025-08-26T01:00:00+06:00","Asia/Dhaka",23.888280501941725,90.26536993068466,,,,"Unknown Person","AirGradient"
3194367,"Dept. of Public Health and Informatics, Jahangirnagar University","pm25",40.61433378855387,"µg/m³","2025-08-25T20:00:00Z","2025-08-26T02:00:00+06:00","Asia/Dhaka",23.888280501941725,90.26536993068466,,,,"Unknown Person","AirGradient"
3194367,"Dept. of Public Health and Informatics, Jahangirnagar University","pm25",43.19929186503092,"µg/m³","2025-08-25T21:00:00Z","2025-08-26T03:00:00+06:00","Asia/Dhaka",23.888280501941725,90.26536993068466,,,,"Unknown Person","AirGradient"
3194367,"Dept. of Public Health and Informatics, Jahangirnagar University","pm25",49.16749986012777,"µg/m³","2025-08-25T22:00:00Z","2025-08-26T04:00:00+06:00","Asia/Dhaka",23.888280501941725,90.26536993068466,,,,"Unknown Person","AirGradient"
3194367,"Dept. of Public Health and Informatics, Jahangirnagar University","pm25",45.85077826182047,"µg/m³","2025-08-25T23:00:00Z","2025-08-26T05:00:00+06:00","Asia/Dhaka",23.888280501941725,90.26536993068466,,,,"Unknown Person","AirGradient"
3194367,"Dept. of Public Health and Informatics, Jahangirnagar University","pm25",48.75266679128011,"µg/m³","2025-08-26T00:00:00Z","2025-08-26T06:00:00+06:00","Asia/Dhaka",23.888280501941725,90.26536993068466,,,,"Unknown Person","AirGradient"
3194367,"Dept. of Public Health and Informatics, Jahangirnagar University","relativehumidity",76.84125073750813,"%","2025-08-25T01:00:00Z","2025-08-25T07:00:00+06:00","Asia/Dhaka",23.888280501941725,90.26536993068466,,,,"Unknown Person","AirGradient"
3194367,"Dept. of Public Health and Informatics, Jahangirnagar University","relativehumidity",76.24279149373372,"%","2025-08-25T02:00:00Z","2025-08-25T08:00:00+06:00","Asia/Dhaka",23.888280501941725,90.26536993068466,,,,"Unknown Person","AirGradient"
3194367,"Dept. of Public Health and Informatics, Jahangirnagar University","relativehumidity",73.11212476094563,"%","2025-08-25T03:00:00Z","2025-08-25T09:00:00+06:00","Asia/Dhaka",23.888280501941725,90.26536993068466,,,,"Unknown Person","AirGradient"
3194367,"Dept. of Public Health and Informatics, Jahangirnagar University","relativehumidity",71.45083363850911,"%","2025-08-25T04:00:00Z","2025-08-25T10:00:00+06:00","Asia/Dhaka",23.888280501941725,90.26536993068466,,,,"Unknown Person","AirGradient"
3194367,"Dept. of Public Health and Informatics, Jahangirnagar University","relativehumidity",71.2694574991862,"%","2025-08-25T05:00:00Z","2025-08-25T11:00:00+06:00","Asia/Dhaka",23.888280501941725,90.26536993068466,,,,"Unknown Person","AirGradient"
3194367,"Dept. of Public Health and Informatics, Jahangirnagar University","relativehumidity",72.0508321126302,"%","2025-08-25T06:00:00Z","2025-08-25T12:00:00+06:00","Asia/Dhaka",23.888280501941725,90.26536993068466,,,,"Unknown Person","AirGradient"
3194367,"Dept. of Public Health and Informatics, Jahangirnagar University","relativehumidity",68.7631664276123,"%","2025-08-25T07:00:00Z","2025-08-25T13:00:00+06:00","Asia/Dhaka",23.888280501941725,90.26536993068466,,,,"Unknown Person","AirGradient"
3194367,"Dept. of Public Health and Informatics, Jahangirnagar University","relativehumidity",63.13537438710531,"%","2025-08-25T08:00:00Z","2025-08-25T14:00:00+06:00","Asia/Dhaka",23.888280501941725,90.26536993068466,,,,"Unknown Person","AirGradient"
3194367,"Dept. of Public Health and Informatics, Jahangirnagar University","relativehumidity",61.46987438201904,"%","2025-08-25T09:00:00Z","2025-08-25T15:00:00+06:00","Asia/Dhaka",23.888280501941725,90.26536993068466,,,,"Unknown Person","AirGradient"
3194367,"Dept. of Public Health and Informatics, Jahangirnagar University","relativehumidity",62.06250076293945,"%","2025-08-25T11:00:00Z","2025-08-25T17:00:00+06:00","Asia/Dhaka",23.888280501941725,90.26536993068466,,,,"Unknown Person","AirGradient"
3194367,"Dept. of Public Health and Informatics, Jahangirnagar University","relativehumidity",66.23933219909668,"%","2025-08-25T12:00:00Z","2025-08-25T18:00:00+06:00","Asia/Dhaka",23.888280501941725,90.26536993068466,,,,"Unknown Person","AirGradient"
3194367,"Dept. of Public Health and Informatics, Jahangirnagar University","relativehumidity",67.70004145304362,"%","2025-08-25T13:00:00Z","2025-08-25T19:00:00+06:00","Asia/Dhaka",23.888280501941725,90.26536993068466,,,,"Unknown Person","AirGradient"
3194367,"Dept. of Public Health and Informatics, Jahangirnagar University","relativehumidity",70.8529167175293,"%","2025-08-25T14:00:00Z","2025-08-25T20:00:00+06:00","Asia/Dhaka",23.888280501941725,90.26536993068466,,,,"Unknown Person","AirGradient"
3194367,"Dept. of Public Health and Informatics, Jahangirnagar University","relativehumidity",71.44170888264973,"%","2025-08-25T15:00:00Z","2025-08-25T21:00:00+06:00","Asia/Dhaka",23.888280501941725,90.26536993068466,,,,"Unknown Person","AirGradient"
3194367,"Dept. of Public Health and Informatics, Jahangirnagar University","relativehumidity",72.39966710408528,"%","2025-08-25T16:00:00Z","2025-08-25T22:00:00+06:00","Asia/Dhaka",23.888280501941725,90.26536993068466,,,,"Unknown Person","AirGradient"
3194367,"Dept. of Public Health and Informatics, Jahangirnagar University","relativehumidity",73.08587392171223,"%","2025-08-25T17:00:00Z","2025-08-25T23:00:00+06:00","Asia/Dhaka",23.888280501941725,90.26536993068466,,,,"Unknown Person","AirGradient"
3194367,"Dept. of Public Health and Informatics, Jahangirnagar University","relativehumidity",73.78087488810222,"%","2025-08-25T18:00:00Z","2025-08-26T00:00:00+06:00","Asia/Dhaka",23.888280501941725,90.26536993068466,,,,"Unknown Person","AirGradient"
3194367,"Dept. of Public Health and Informatics, Jahangirnagar University","relativehumidity",74.47420819600423,"%","2025-08-25T19:00:00Z","2025-08-26T01:00:00+06:00","Asia/Dhaka",23.888280501941725,90.26536993068466,,,,"Unknown Person","AirGradient"
3194367,"Dept. of Public Health and Informatics, Jahangirnagar University","relativehumidity",75.89270782470703,"%","2025-08-25T20:00:00Z","2025-08-26T02:00:00+06:00","Asia/Dhaka",23.888280501941725,90.26536993068466,,,,"Unknown Person","AirGradient"
3194367,"Dept. of Public Health and Informatics, Jahangirnagar University","relativehumidity",76.89858373006184,"%","2025-08-25T21:00:00Z","2025-08-26T03:00:00+06:00","Asia/Dhaka",23.888280501941725,90.26536993068466,,,,"Unknown Person","AirGradient"
3194367,"Dept. of Public Health and Informatics, Jahangirnagar University","relativehumidity",77.01070785522461,"%","2025-08-25T22:00:00Z","2025-08-26T04:00:00+06:00","Asia/Dhaka",23.888280501941725,90.26536993068466,,,,"Unknown Person","AirGradient"
3194367,"Dept. of Public Health and Informatics, Jahangirnagar University","relativehumidity",77.3918883005778,"%","2025-08-25T23:00:00Z","2025-08-26T05:00:00+06:00","Asia/Dhaka",23.888280501941725,90.26536993068466,,,,"Unknown Person","AirGradient"
3194367,"Dept. of Public Health and Informatics, Jahangirnagar University","relativehumidity",77.78666496276855,"%","2025-08-26T00:00:00Z","2025-08-26T06:00:00+06:00","Asia/Dhaka",23.888280501941725,90.26536993068466,,,,"Unknown Person","AirGradient"
3194367,"Dept. of Public Health and Informatics, Jahangirnagar University","temperature",27.302541573842365,"c","2025-08-25T01:00:00Z","2025-08-25T07:00:00+06:00","Asia/Dhaka",23.888280501941725,90.26536993068466,,,,"Unknown Person","AirGradient"
3194367,"Dept. of Public Health and Informatics, Jahangirnagar University","temperature",27.846166610717773,"c","2025-08-25T02:00:00Z","2025-08-25T08:00:00+06:00","Asia/Dhaka",23.888280501941725,90.26536993068466,,,,"Unknown Person","AirGradient"
3194367,"Dept. of Public Health and Informatics, Jahangirnagar University","temperature",28.90274969736735,"c","2025-08-25T03:00:00Z","2025-08-25T09:00:00+06:00","Asia/Dhaka",23.888280501941725,90.26536993068466,,,,"Unknown Person","AirGradient"
3194367,"Dept. of Public Health and Informatics, Jahangirnagar University","temperature",29.00129159291585,"c","2025-08-25T04:00:00Z","2025-08-25T10:00:00+06:00","Asia/Dhaka",23.888280501941725,90.26536993068466,,,,"Unknown Person","AirGradient"
3194367,"Dept. of Public Health and Informatics, Jahangirnagar University","temperature",29.353749593098957,"c","2025-08-25T05:00:00Z","2025-08-25T11:00:00+06:00","Asia/Dhaka",23.888280501941725,90.26536993068466,,,,"Unknown Person","AirGradient"
3194367,"Dept. of Public Health and Informatics, Jahangirnagar University","temperature",29.821166674296062,"c","2025-08-25T06:00:00Z","2025-08-25T12:00:00+06:00","Asia/Dhaka",23.888280501941725,90.26536993068466,,,,"Unknown Person","AirGradient"
3194367,"Dept. of Public Health and Informatics, Jahangirnagar University","temperature",30.616958300272625,"c","2025-08-25T07:00:00Z","2025-08-25T13:00:00+06:00","Asia/Dhaka",23.888280501941725,90.26536993068466,,,,"Unknown Person","AirGradient"
3194367,"Dept. of Public Health and Informatics, Jahangirnagar University","temperature",31.474958260854084,"c","2025-08-25T08:00:00Z","2025-08-25T14:00:00+06:00","Asia/Dhaka",23.888280501941725,90.26536993068466,,,,"Unknown Person","AirGradient"
3194367,"Dept. of Public Health and Informatics, Jahangirnagar University","temperature",31.681874990463257,"c","2025-08-25T09:00:00Z","2025-08-25T15:00:00+06:00","Asia/Dhaka",23.888280501941725,90.26536993068466,,,,"Unknown Person","AirGradient"
3194367,"Dept. of Public Health and Informatics, Jahangirnagar University","temperature",31.43380012512207,"c","2025-08-25T11:00:00Z","2025-08-25T17:00:00+06:00","Asia/Dhaka",23.888280501941725,90.26536993068466,,,,"Unknown Person","AirGradient"
3194367,"Dept. of Public Health and Informatics, Jahangirnagar University","temperature",30.76895793279012,"c","2025-08-25T12:00:00Z","2025-08-25T18:00:00+06:00","Asia/Dhaka",23.888280501941725,90.26536993068466,,,,"Unknown Person","AirGradient"
3194367,"Dept. of Public Health and Informatics, Jahangirnagar University","temperature",29.992041905721027,"c","2025-08-25T13:00:00Z","2025-08-25T19:00:00+06:00","Asia/Dhaka",23.888280501941725,90.26536993068466,,,,"Unknown Person","AirGradient"
3194367,"Dept. of Public Health and Informatics, Jahangirnagar University","temperature",29.50012509028117,"c","2025-08-25T14:00:00Z","2025-08-25T20:00:00+06:00","Asia/Dhaka",23.888280501941725,90.26536993068466,,,,"Unknown Person","AirGradient"
3194367,"Dept. of Public Health and Informatics, Jahangirnagar University","temperature",29.471916675567627,"c","2025-08-25T15:00:00Z","2025-08-25T21:00:00+06:00","Asia/Dhaka",23.888280501941725,90.26536993068466,,,,"Unknown Person","AirGradient"
3194367,"Dept. of Public Health and Informatics, Jahangirnagar University","temperature",29.188374996185303,"c","2025-08-25T16:00:00Z","2025-08-25T22:00:00+06:00","Asia/Dhaka",23.888280501941725,90.26536993068466,,,,"Unknown Person","AirGradient"
3194367,"Dept. of Public Health and Informatics, Jahangirnagar University","temperature",28.883999665578205,"c","2025-08-25T17:00:00Z","2025-08-25T23:00:00+06:00","Asia/Dhaka",23.888280501941725,90.26536993068466,,,,"Unknown Person","AirGradient"
3194367,"Dept. of Public Health and Informatics, Jahangirnagar University","temperature",28.662458737691242,"c","2025-08-25T18:00:00Z","2025-08-26T00:00:00+06:00","Asia/Dhaka",23.888280501941725,90.26536993068466,,,,"Unknown Person","AirGradient"
3194367,"Dept. of Public Health and Informatics, Jahangirnagar University","temperature",28.61091709136963,"c","2025-08-25T19:00:00Z","2025-08-26T01:00:00+06:00","Asia/Dhaka",23.888280501941725,90.26536993068466,,,,"Unknown Person","AirGradient"
3194367,"Dept. of Public Health and Informatics, Jahangirnagar University","temperature",28.631666978200276,"c","2025-08-25T20:00:00Z","2025-08-26T02:00:00+06:00","Asia/Dhaka",23.888280501941725,90.26536993068466,,,,"Unknown Person","AirGradient"
3194367,"Dept. of Public Health and Informatics, Jahangirnagar University","temperature",28.60991684595744,"c","2025-08-25T21:00:00Z","2025-08-26T03:00:00+06:00","Asia/Dhaka",23.888280501941725,90.26536993068466,,,,"Unknown Person","AirGradient"
3194367,"Dept. of Public Health and Informatics, Jahangirnagar University","temperature",28.654708862304688,"c","2025-08-25T22:00:00Z","2025-08-26T04:00:00+06:00","Asia/Dhaka",23.888280501941725,90.26536993068466,,,,"Unknown Person","AirGradient"
3194367,"Dept. of Public Health and Informatics, Jahangirnagar University","temperature",28.47836097081502,"c","2025-08-25T23:00:00Z","2025-08-26T05:00:00+06:00","Asia/Dhaka",23.888280501941725,90.26536993068466,,,,"Unknown Person","AirGradient"
3194367,"Dept. of Public Health and Informatics, Jahangirnagar University","temperature",28.419124603271484,"c","2025-08-26T00:00:00Z","2025-08-26T06:00:00+06:00","Asia/Dhaka",23.888280501941725,90.26536993068466,,,,"Unknown Person","AirGradient"
3194367,"Dept. of Public Health and Informatics, Jahangirnagar University","um003",5225.7145589192705,"particles/cm³","2025-08-25T01:00:00Z","2025-08-25T07:00:00+06:00","Asia/Dhaka",23.888280501941725,90.26536993068466,,,,"Unknown Person","AirGradient"
3194367,"Dept. of Public Health and Informatics, Jahangirnagar University","um003",3103.5374755859375,"particles/cm³","2025-08-25T02:00:00Z","2025-08-25T08:00:00+06:00","Asia/Dhaka",23.888280501941725,90.26536993068466,,,,"Unknown Person","AirGradient"
3194367,"Dept. of Public Health and Informatics, Jahangirnagar University","um003",3109.6541544596353,"particles/cm³","2025-08-25T03:00:00Z","2025-08-25T09:00:00+06:00","Asia/Dhaka",23.888280501941725,90.26536993068466,,,,"Unknown Person","AirGradient"
3194367,"Dept. of Public Health and Informatics, Jahangirnagar University","um003",3890.7750040690103,"particles/cm³","2025-08-25T04:00:00Z","2025-08-25T10:00:00+06:00","Asia/Dhaka",23.888280501941725,90.26536993068466,,,,"Unknown Person","AirGradient"
3194367,"Dept. of Public Health and Informatics, Jahangirnagar University","um003",6324.3729248046875,"particles/cm³","2025-08-25T05:00:00Z","2025-08-25T11:00:00+06:00","Asia/Dhaka",23.888280501941725,90.26536993068466,,,,"Unknown Person","AirGradient"
3194367,"Dept. of Public Health and Informatics, Jahangirnagar University","um003",7404.375,"particles/cm³","2025-08-25T06:00:00Z","2025-08-25T12:00:00+06:00","Asia/Dhaka",23.888280501941725,90.26536993068466,,,,"Unknown Person","AirGradient"
3194367,"Dept. of Public Health and Informatics, Jahangirnagar University","um003",5078.1811930338545,"particles/cm³","2025-08-25T07:00:00Z","2025-08-25T13:00:00+06:00","Asia/Dhaka",23.888280501941725,90.26536993068466,,,,"Unknown Person","AirGradient"
3194367,"Dept. of Public Health and Informatics, Jahangirnagar University","um003",4061.2457885742188,"particles/cm³","2025-08-25T08:00:00Z","2025-08-25T14:00:00+06:00","Asia/Dhaka",23.888280501941725,90.26536993068466,,,,"Unknown Person","AirGradient"
3194367,"Dept. of Public Health and Informatics, Jahangirnagar University","um003",3812.156219482422,"particles/cm³","2025-08-25T09:00:00Z","2025-08-25T15:00:00+06:00","Asia/Dhaka",23.888280501941725,90.26536993068466,,,,"Unknown Person","AirGradient"
3194367,"Dept. of Public Health and Informatics, Jahangirnagar University","um003",5122.4150390625,"particles/cm³","2025-08-25T11:00:00Z","2025-08-25T17:00:00+06:00","Asia/Dhaka",23.888280501941725,90.26536993068466,,,,"Unknown Person","AirGradient"
3194367,"Dept. of Public Health and Informatics, Jahangirnagar University","um003",5498.5791422526045,"particles/cm³","2025-08-25T12:00:00Z","2025-08-25T18:00:00+06:00","Asia/Dhaka",23.888280501941725,90.26536993068466,,,,"Unknown Person","AirGradient"
3194367,"Dept. of Public Health and Informatics, Jahangirnagar University","um003",4770.9208577473955,"particles/cm³","2025-08-25T13:00:00Z","2025-08-25T19:00:00+06:00","Asia/Dhaka",23.888280501941725,90.26536993068466,,,,"Unknown Person","AirGradient"
3194367,"Dept. of Public Health and Informatics, Jahangirnagar University","um003",5719.935384114583,"particles/cm³","2025-08-25T14:00:00Z","2025-08-25T20:00:00+06:00","Asia/Dhaka",23.888280501941725,90.26536993068466,,,,"Unknown Person","AirGradient"
3194367,"Dept. of Public Health and Informatics, Jahangirnagar University","um003",6024.2437744140625,"particles/cm³","2025-08-25T15:00:00Z","2025-08-25T21:00:00+06:00","Asia/Dhaka",23.888280501941725,90.26536993068466,,,,"Unknown Person","AirGradient"
3194367,"Dept. of Public Health and Informatics, Jahangirnagar University","um003",4150.389546712239,"particles/cm³","2025-08-25T16:00:00Z","2025-08-25T22:00:00+06:00","Asia/Dhaka",23.888280501941725,90.26536993068466,,,,"Unknown Person","AirGradient"
3194367,"Dept. of Public Health and Informatics, Jahangirnagar University","um003",3870.562540690104,"particles/cm³","2025-08-25T17:00:00Z","2025-08-25T23:00:00+06:00","Asia/Dhaka",23.888280501941725,90.26536993068466,,,,"Unknown Person","AirGradient"
3194367,"Dept. of Public Health and Informatics, Jahangirnagar University","um003",3616.777099609375,"particles/cm³","2025-08-25T18:00:00Z","2025-08-26T00:00:00+06:00","Asia/Dhaka",23.888280501941725,90.26536993068466,,,,"Unknown Person","AirGradient"
3194367,"Dept. of Public Health and Informatics, Jahangirnagar University","um003",4541.504150390625,"particles/cm³","2025-08-25T19:00:00Z","2025-08-26T01:00:00+06:00","Asia/Dhaka",23.888280501941725,90.26536993068466,,,,"Unknown Person","AirGradient"
3194367,"Dept. of Public Health and Informatics, Jahangirnagar University","um003",5957.714599609375,"particles/cm³","2025-08-25T20:00:00Z","2025-08-26T02:00:00+06:00","Asia/Dhaka",23.888280501941725,90.26536993068466,,,,"Unknown Person","AirGradient"
3194367,"Dept. of Public Health and Informatics, Jahangirnagar University","um003",6553.9458414713545,"particles/cm³","2025-08-25T21:00:00Z","2025-08-26T03:00:00+06:00","Asia/Dhaka",23.888280501941725,90.26536993068466,,,,"Unknown Person","AirGradient"
3194367,"Dept. of Public Health and Informatics, Jahangirnagar University","um003",8122.0020751953125,"particles/cm³","2025-08-25T22:00:00Z","2025-08-26T04:00:00+06:00","Asia/Dhaka",23.888280501941725,90.26536993068466,,,,"Unknown Person","AirGradient"
3194367,"Dept. of Public Health and Informatics, Jahangirnagar University","um003",7504.600016276042,"particles/cm³","2025-08-25T23:00:00Z","2025-08-26T05:00:00+06:00","Asia/Dhaka",23.888280501941725,90.26536993068466,,,,"Unknown Person","AirGradient"
3194367,"Dept. of Public Health and Informatics, Jahangirnagar University","um003",8029.087483723958,"particles/cm³","2025-08-26T00:00:00Z","2025-08-26T06:00:00+06:00","Asia/Dhaka",23.888280501941725,90.26536993068466,,,,"Unknown Person","AirGradient"